{"stats":{"minecraft:used":{"minecraft:oak_sign":1,"minecraft:gray_concrete":3,"minecraft:white_wool":100,"minecraft:white_terracotta":4,"minecraft:cyan_terracotta":1,"minecraft:white_concrete":10,"minecraft:gray_wool":1,"minecraft:smooth_quartz":7,"minecraft:smooth_quartz_slab":1},"minecraft:picked_up":{"minecraft:stick":1},"minecraft:custom":{"minecraft:jump":40,"minecraft:time_since_rest":14010,"minecraft:leave_game":1,"minecraft:crouch_one_cm":356,"minecraft:sprint_one_cm":9866,"minecraft:play_time":15116,"minecraft:deaths":1,"minecraft:time_since_death":13979,"minecraft:walk_one_cm":5704,"minecraft:sneak_time":1001,"minecraft:total_world_time":15271,"minecraft:fly_one_cm":130576}},"DataVersion":3465}